{"avgAnimalsOnMap":3499.631,"avgPlantsOnMap":146.76207,"avgLifespan":38.12872,"avgEnergy":35.293686,"dominantGenomeMode":{"listOfGenes":[0,0,0,1,1,1,2,2,2,3,3,4,4,4,4,4,4,4,4,4,4,4,5,5,5,5,6,6,7,7,7,7],"numberOfGenesOfAGivenType":[3,3,3,2,11,4,2,4]},"avgChildren":0.3448121}